[
  {
    "id": "scene-1771972999133-0.024075989990791635",
    "name": "ك",
    "image": "scene-0.jpg",
    "paths": [
      {
        "type": "WP",
        "color": "#0066cc",
        "points": [
          {
            "x": -272.6194632604572,
            "y": -112.24936710788397,
            "z": -403.5130848000897
          },
          {
            "x": -301.28947960905106,
            "y": -316.55796246316874,
            "z": -242.63839938515807
          }
        ]
      },
      {
        "type": "WP",
        "color": "#0066cc",
        "points": [
          {
            "x": -301.28947960905106,
            "y": -316.55796246316874,
            "z": -242.63839938515807
          },
          {
            "x": -468.02363897552215,
            "y": -158.56557140452637,
            "z": 71.60575731226581
          }
        ]
      },
      {
        "type": "WP",
        "color": "#0066cc",
        "points": [
          {
            "x": -468.02363897552215,
            "y": -158.56557140452637,
            "z": 71.60575731226581
          },
          {
            "x": -459.35866676068906,
            "y": -51.890926753391014,
            "z": 190.34410682580537
          }
        ]
      },
      {
        "type": "EL",
        "color": "#ffcc00",
        "points": [
          {
            "x": -382.50596790927875,
            "y": -110.18082429251275,
            "z": -301.72312005023633
          },
          {
            "x": -398.485275855054,
            "y": -120.138508548366,
            "z": -276.4283364372989
          }
        ]
      },
      {
        "type": "EL",
        "color": "#ffcc00",
        "points": [
          {
            "x": -398.485275855054,
            "y": -120.138508548366,
            "z": -276.4283364372989
          },
          {
            "x": -401.7291286599502,
            "y": -121.65499662419525,
            "z": -271.46910526493076
          }
        ]
      },
      {
        "type": "EL",
        "color": "#ffcc00",
        "points": [
          {
            "x": -401.7291286599502,
            "y": -121.65499662419525,
            "z": -271.46910526493076
          },
          {
            "x": -362.3444267955559,
            "y": 240.7648227818579,
            "z": -245.97148430030276
          }
        ]
      },
      {
        "type": "EL",
        "color": "#ffcc00",
        "points": [
          {
            "x": -359.5255217309269,
            "y": 242.06188447290353,
            "z": -248.54035630062043
          },
          {
            "x": -252.4498561779965,
            "y": 263.6029508244182,
            "z": -340.9078776305869
          }
        ]
      },
      {
        "type": "EL",
        "color": "#ffcc00",
        "points": [
          {
            "x": -258.0813389404839,
            "y": 79.02045002215802,
            "z": -420.10034648570837
          },
          {
            "x": -241.2570274956142,
            "y": 309.86220101386755,
            "z": -308.8118236815939
          }
        ]
      },
      {
        "type": "EL",
        "color": "#ffcc00",
        "points": [
          {
            "x": 295.93372190129605,
            "y": 142.02721585052637,
            "z": -376.5743357838087
          },
          {
            "x": -238.48555761928225,
            "y": 312.9011953071571,
            "z": -307.9181168122029
          }
        ]
      },
      {
        "type": "EL",
        "color": "#ffcc00",
        "points": [
          {
            "x": -134.2547609772323,
            "y": 78.99648645660841,
            "z": -474.6190498738001
          },
          {
            "x": 148.60055927065,
            "y": 227.57818887402968,
            "z": -418.9393816999992
          }
        ]
      },
      {
        "type": "EL",
        "color": "#ffcc00",
        "points": [
          {
            "x": -12.789105195505396,
            "y": 69.90903347525595,
            "z": -494.38624812462876
          },
          {
            "x": 294.8313496933479,
            "y": 140.10897292003943,
            "z": -378.0520261792565
          }
        ]
      },
      {
        "type": "EL",
        "color": "#ffcc00",
        "points": [
          {
            "x": -371.5280972459524,
            "y": 89.13398605242054,
            "z": 321.6031977538996
          },
          {
            "x": -309.0062620625962,
            "y": 160.0115987153596,
            "z": 358.2850161943022
          }
        ]
      },
      {
        "type": "EL",
        "color": "#ffcc00",
        "points": [
          {
            "x": -309.0062620625962,
            "y": 160.0115987153596,
            "z": 358.2850161943022
          },
          {
            "x": -474.4528303282085,
            "y": 152.93778587378978,
            "z": 29.353929129740425
          }
        ]
      },
      {
        "type": "EL",
        "color": "#ffcc00",
        "points": [
          {
            "x": -474.4528303282085,
            "y": 152.93778587378978,
            "z": 29.353929129740425
          },
          {
            "x": -460.63463568867246,
            "y": 188.19166574150182,
            "z": -47.35224849222213
          }
        ]
      },
      {
        "type": "EL",
        "color": "#ffcc00",
        "points": [
          {
            "x": -474.7891823328737,
            "y": 90.40086638144959,
            "z": 125.44129470079565
          },
          {
            "x": -474.7571077309488,
            "y": 151.64809850838878,
            "z": 31.832762100628436
          }
        ]
      },
      {
        "type": "EL",
        "color": "#ffcc00",
        "points": [
          {
            "x": -423.54735954072584,
            "y": 122.14765554247069,
            "z": 235.28559117405078
          },
          {
            "x": -413.58322056174285,
            "y": 167.94900609038606,
            "z": 224.9092064969093
          }
        ]
      }
    ],
    "hotspots": [
      {
        "id": "hotspot-1771993991569-0.007589282737448633",
        "type": "INFO",
        "position": {
          "x": -362.4657353325643,
          "y": 238.7921642738062,
          "z": -247.68159995864184
        },
        "data": {
          "title": "EL-SEN",
          "content": "EL-RUTE"
        }
      },
      {
        "id": "hotspot-1771994043412-0.2714614655951907",
        "type": "INFO",
        "position": {
          "x": -460.0501524848809,
          "y": -50.38030056678032,
          "z": 188.9831653180049
        },
        "data": {
          "title": "WP-SEN",
          "content": "W-RUTE"
        }
      }
    ]
  },
  {
    "id": "scene-1771991577832-0.36276971336732367",
    "name": "4",
    "image": "scene-1.jpg",
    "paths": [
      {
        "type": "EL",
        "color": "#ffcc00",
        "points": [
          {
            "x": 492.6464566601996,
            "y": 62.987805881084654,
            "z": -54.22585795211803
          },
          {
            "x": -429.56019880915613,
            "y": 251.15843058842407,
            "z": 46.146756564661345
          }
        ]
      },
      {
        "type": "EL",
        "color": "#ffcc00",
        "points": [
          {
            "x": -149.5533086082357,
            "y": 116.9652669603214,
            "z": 462.07424730722073
          },
          {
            "x": -430.0783409969583,
            "y": 249.72036016935067,
            "z": 48.19910852187683
          }
        ]
      },
      {
        "type": "EL",
        "color": "#ffcc00",
        "points": [
          {
            "x": -221.18204302038075,
            "y": 92.74162490781609,
            "z": -438.13231646805406
          },
          {
            "x": -429.38579039258974,
            "y": 252.1203975705278,
            "z": 43.61305337890981
          }
        ]
      },
      {
        "type": "EL",
        "color": "#ffcc00",
        "points": [
          {
            "x": 195.6694371712312,
            "y": 120.44481180248387,
            "z": 443.5963818358545
          },
          {
            "x": 357.95065673151413,
            "y": 281.7610144208247,
            "z": 205.0421696084508
          }
        ]
      },
      {
        "type": "EL",
        "color": "#ffcc00",
        "points": [
          {
            "x": 357.95065673151413,
            "y": 281.7610144208247,
            "z": 205.0421696084508
          },
          {
            "x": 381.6865974505345,
            "y": 320.646462550384,
            "z": -37.51120875101333
          }
        ]
      },
      {
        "type": "EL",
        "color": "#ffcc00",
        "points": [
          {
            "x": 102.3557571349966,
            "y": 92.59828602586312,
            "z": -480.1792140407825
          },
          {
            "x": 348.60439230308987,
            "y": 239.74931410967267,
            "z": -265.4623457700435
          }
        ]
      },
      {
        "type": "EL",
        "color": "#ffcc00",
        "points": [
          {
            "x": 348.60439230308987,
            "y": 239.74931410967267,
            "z": -265.4623457700435
          },
          {
            "x": 416.04052264597686,
            "y": 271.80771880710046,
            "z": -50.958204544858994
          }
        ]
      },
      {
        "type": "EL",
        "color": "#ffcc00",
        "points": [
          {
            "x": -41.39987731417418,
            "y": 122.79237085929165,
            "z": 482.62139191327554
          },
          {
            "x": 80.65043754982479,
            "y": 125.87020428953122,
            "z": 476.54472966082665
          }
        ]
      },
      {
        "type": "EL",
        "color": "#ffcc00",
        "points": [
          {
            "x": 80.65043754982479,
            "y": 125.87020428953122,
            "z": 476.54472966082665
          },
          {
            "x": 172.45810971240277,
            "y": 365.3609559739523,
            "z": 293.89179937020435
          }
        ]
      },
      {
        "type": "EL",
        "color": "#ffcc00",
        "points": [
          {
            "x": -96.35781877329981,
            "y": 155.57620858873787,
            "z": 464.97270323289507
          },
          {
            "x": 94.13338077580906,
            "y": 162.95276312384146,
            "z": 463.02075917187216
          }
        ]
      },
      {
        "type": "EL",
        "color": "#ffcc00",
        "points": [
          {
            "x": 172.83687142408303,
            "y": 365.7968898300236,
            "z": 293.1315968993312
          },
          {
            "x": 197.94889293197056,
            "y": 458.63755956590313,
            "z": -17.149062296741945
          }
        ]
      },
      {
        "type": "EL",
        "color": "#ffcc00",
        "points": [
          {
            "x": -98.4780432967488,
            "y": 158.45681010084854,
            "z": 463.461775411009
          },
          {
            "x": -336.4783390984409,
            "y": 367.7719510608265,
            "z": 36.63045950149501
          }
        ]
      },
      {
        "type": "EL",
        "color": "#ffcc00",
        "points": [
          {
            "x": -63.388872190922726,
            "y": 98.2343616427725,
            "z": -485.60220109669365
          },
          {
            "x": -69.02413045923457,
            "y": 367.0968276032779,
            "z": -332.1006841776864
          }
        ]
      },
      {
        "type": "EL",
        "color": "#ffcc00",
        "points": [
          {
            "x": -67.75594230159452,
            "y": 365.67760563127723,
            "z": -333.9532064023472
          },
          {
            "x": -43.26029822944978,
            "y": 498.0112151312426,
            "z": -1.4289601224729078
          }
        ]
      },
      {
        "type": "EL",
        "color": "#ffcc00",
        "points": [
          {
            "x": -456.0657979469677,
            "y": -200.21440098156668,
            "z": -39.50950295791778
          },
          {
            "x": -456.7923683308133,
            "y": 198.10700618453583,
            "z": -43.73472444712679
          }
        ]
      },
      {
        "type": "EL",
        "color": "#ffcc00",
        "points": [
          {
            "x": -456.7923683308133,
            "y": 198.10700618453583,
            "z": -43.73472444712679
          },
          {
            "x": -431.8632808598374,
            "y": 245.95032189060223,
            "z": -50.70378268609635
          }
        ]
      },
      {
        "type": "EL",
        "color": "#ffcc00",
        "points": [
          {
            "x": 104.43722971230714,
            "y": 15.553102146193043,
            "z": -488.27313781843395
          },
          {
            "x": 100.55696533640909,
            "y": 88.01560347455897,
            "z": -481.4485365495413
          }
        ]
      },
      {
        "type": "GS",
        "color": "#33cc33",
        "points": [
          {
            "x": 480.705784338341,
            "y": 99.7244185444843,
            "z": -94.12010987154561
          },
          {
            "x": -370.65015090052265,
            "y": 329.40706403412275,
            "z": -60.52692439663274
          }
        ]
      },
      {
        "type": "AC",
        "color": "#00ccff",
        "points": [
          {
            "x": 424.10594042465567,
            "y": -252.05493959684546,
            "z": 79.45944403340086
          },
          {
            "x": -122.75735657478091,
            "y": -435.2060118322529,
            "z": 212.71374710747867
          }
        ]
      },
      {
        "type": "AC",
        "color": "#00ccff",
        "points": [
          {
            "x": -121.29139499668958,
            "y": -436.33330126215736,
            "z": 211.2751867622874
          },
          {
            "x": -413.41167944370306,
            "y": -234.10891999951417,
            "z": 154.3034258009074
          }
        ]
      },
      {
        "type": "AC",
        "color": "#00ccff",
        "points": [
          {
            "x": 428.4660530755155,
            "y": -243.4896981214021,
            "z": 83.09456988780802
          },
          {
            "x": 485.33168192234416,
            "y": -75.16686569257632,
            "z": 92.69756101683946
          }
        ]
      },
      {
        "type": "AC",
        "color": "#00ccff",
        "points": [
          {
            "x": 485.33168192234416,
            "y": -75.16686569257632,
            "z": 92.69756101683946
          },
          {
            "x": 394.58530707169666,
            "y": -54.65174628145119,
            "z": 301.09808986881666
          }
        ]
      }
    ],
    "hotspots": [
      {
        "id": "hotspot-1771993559979-0.5509348528017574",
        "type": "INFO",
        "position": {
          "x": -457.71343603259805,
          "y": 196.5534317987317,
          "z": -39.00378058901825
        },
        "data": {
          "title": "EL-SEN",
          "content": "ELECTRICAL-RUTE"
        }
      }
    ]
  },
  {
    "id": "scene-1771991603134-0.63260708035576",
    "name": "5",
    "image": "scene-2.jpg",
    "paths": [
      {
        "type": "EL",
        "color": "#ffcc00",
        "points": [
          {
            "x": -249.8374750901404,
            "y": -430.4128512020085,
            "z": -46.875912323917284
          },
          {
            "x": -253.16706585156345,
            "y": -337.550432846284,
            "z": 267.6676539622802
          }
        ]
      },
      {
        "type": "EL",
        "color": "#ffcc00",
        "points": [
          {
            "x": -71.27233547285432,
            "y": -99.95217761808189,
            "z": -484.0432989686772
          },
          {
            "x": -64.13931405112967,
            "y": 242.86351115672153,
            "z": -431.63597099501675
          }
        ]
      },
      {
        "type": "EL",
        "color": "#ffcc00",
        "points": [
          {
            "x": 85.25155512201181,
            "y": 82.2437850534268,
            "z": -485.19629026071095
          },
          {
            "x": -86.81668335235723,
            "y": 158.9344874961884,
            "z": 465.6442524056268
          }
        ]
      },
      {
        "type": "EL",
        "color": "#ffcc00",
        "points": [
          {
            "x": 242.45414893232626,
            "y": -397.8045832410742,
            "z": -180.64853727189669
          },
          {
            "x": 193.18557259536547,
            "y": -228.62251484551206,
            "z": -399.771756910395
          }
        ]
      },
      {
        "type": "EL",
        "color": "#ffcc00",
        "points": [
          {
            "x": 193.18557259536547,
            "y": -228.62251484551206,
            "z": -399.771756910395
          },
          {
            "x": 213.22656579918012,
            "y": -100.4886572545362,
            "z": -440.24376608183906
          }
        ]
      },
      {
        "type": "EL",
        "color": "#ffcc00",
        "points": [
          {
            "x": 212.86698755637772,
            "y": -92.97651758846726,
            "z": -442.02001164612824
          },
          {
            "x": 193.6540320136771,
            "y": 231.3623559319933,
            "z": -398.0264314788296
          }
        ]
      },
      {
        "type": "EL",
        "color": "#ffcc00",
        "points": [
          {
            "x": 193.6540320136771,
            "y": 231.3623559319933,
            "z": -398.0264314788296
          },
          {
            "x": 76.88947381875265,
            "y": 221.7717795394964,
            "z": -440.9213661379137
          }
        ]
      },
      {
        "type": "EL",
        "color": "#ffcc00",
        "points": [
          {
            "x": -58.402504448610046,
            "y": 244.89724746033812,
            "z": -431.3236434156496
          },
          {
            "x": -46.82836629074267,
            "y": 232.82264841816578,
            "z": -439.7638721429602
          }
        ]
      },
      {
        "type": "EL",
        "color": "#ffcc00",
        "points": [
          {
            "x": -46.82836629074267,
            "y": 232.82264841816578,
            "z": -439.7638721429602
          },
          {
            "x": 65.679111724869,
            "y": 251.76566667939264,
            "z": -426.31551973664267
          }
        ]
      },
      {
        "type": "GS",
        "color": "#33cc33",
        "points": [
          {
            "x": 111.79626924847992,
            "y": 98.00282209582235,
            "z": -476.8248535421912
          },
          {
            "x": 45.326096500786335,
            "y": 315.42330372546763,
            "z": 384.9375853069333
          }
        ]
      }
    ],
    "hotspots": []
  },
  {
    "id": "scene-1771991634852-0.4287471021450906",
    "name": "6",
    "image": "scene-3.jpg",
    "paths": [
      {
        "type": "EL",
        "color": "#ffcc00",
        "points": [
          {
            "x": 345.38875037918496,
            "y": 359.2340105925709,
            "z": 37.604490554444276
          },
          {
            "x": 285.3415033974253,
            "y": 366.7094473575538,
            "z": 183.97169172083233
          }
        ]
      },
      {
        "type": "EL",
        "color": "#ffcc00",
        "points": [
          {
            "x": 285.3415033974253,
            "y": 366.7094473575538,
            "z": 183.97169172083233
          },
          {
            "x": 292.29675239146087,
            "y": 360.1782343734312,
            "z": 185.69503692848298
          }
        ]
      },
      {
        "type": "EL",
        "color": "#ffcc00",
        "points": [
          {
            "x": 292.29675239146087,
            "y": 360.1782343734312,
            "z": 185.69503692848298
          },
          {
            "x": 343.23945845959327,
            "y": 306.9660919755819,
            "z": 193.7506413014169
          }
        ]
      },
      {
        "type": "EL",
        "color": "#ffcc00",
        "points": [
          {
            "x": 343.23945845959327,
            "y": 306.9660919755819,
            "z": 193.7506413014169
          },
          {
            "x": 420.7212300513255,
            "y": 116.95894872845462,
            "z": 242.33103100577856
          }
        ]
      },
      {
        "type": "EL",
        "color": "#ffcc00",
        "points": [
          {
            "x": 226.05765907986054,
            "y": -193.79595029828786,
            "z": 401.15241086634774
          },
          {
            "x": 369.5135401328759,
            "y": -108.07942133404822,
            "z": 318.1370200840837
          }
        ]
      },
      {
        "type": "EL",
        "color": "#ffcc00",
        "points": [
          {
            "x": 329.82527132253335,
            "y": -249.78291620794462,
            "z": 280.05863111873543
          },
          {
            "x": 370.107401575575,
            "y": -108.03773611393936,
            "z": 317.4957177969792
          }
        ]
      },
      {
        "type": "EL",
        "color": "#ffcc00",
        "points": [
          {
            "x": 369.58856835175743,
            "y": -109.26874319656896,
            "z": 317.65702887401284
          },
          {
            "x": 335.80781796913675,
            "y": 217.76394763506065,
            "z": 298.7509040457402
          }
        ]
      },
      {
        "type": "EL",
        "color": "#ffcc00",
        "points": [
          {
            "x": 418.5927647358392,
            "y": 122.50596634312156,
            "z": 243.35918635196293
          },
          {
            "x": 336.22267924388984,
            "y": 219.71213007907903,
            "z": 296.8346961365711
          }
        ]
      },
      {
        "type": "EL",
        "color": "#ffcc00",
        "points": [
          {
            "x": 154.86396234888218,
            "y": 264.15852730103995,
            "z": -394.75633443894645
          },
          {
            "x": -183.2449947780735,
            "y": 203.5330814733971,
            "z": 417.7466042569942
          }
        ]
      },
      {
        "type": "EL",
        "color": "#ffcc00",
        "points": [
          {
            "x": -194.58273638361766,
            "y": 67.66198329272807,
            "z": 455.20477930581666
          },
          {
            "x": -183.68500496836236,
            "y": 203.03567411614785,
            "z": 417.7821046884836
          }
        ]
      },
      {
        "type": "EL",
        "color": "#ffcc00",
        "points": [
          {
            "x": -278.498984587906,
            "y": -5.840183210372305,
            "z": 415.02708668086353
          },
          {
            "x": -261.1805487513981,
            "y": -158.17793023534983,
            "z": 395.601832379195
          }
        ]
      },
      {
        "type": "EL",
        "color": "#ffcc00",
        "points": [
          {
            "x": -261.1805487513981,
            "y": -158.17793023534983,
            "z": 395.601832379195
          },
          {
            "x": -282.4030748773499,
            "y": -220.96341250775896,
            "z": 348.11697260293573
          }
        ]
      },
      {
        "type": "EL",
        "color": "#ffcc00",
        "points": [
          {
            "x": -277.9852307787739,
            "y": -4.130736515642527,
            "z": 415.4602963193105
          },
          {
            "x": -263.2645444899788,
            "y": 167.4281499453793,
            "z": 390.57647475824433
          }
        ]
      },
      {
        "type": "EL",
        "color": "#ffcc00",
        "points": [
          {
            "x": -263.2645444899788,
            "y": 167.4281499453793,
            "z": 390.57647475824433
          },
          {
            "x": -113.15191968987116,
            "y": 154.74395666152094,
            "z": 461.04908397499145
          }
        ]
      },
      {
        "type": "EL",
        "color": "#ffcc00",
        "points": [
          {
            "x": -114.12865550281258,
            "y": 152.6363635094358,
            "z": 461.52132602014194
          },
          {
            "x": -106.10217955601773,
            "y": 161.77649278584792,
            "z": 460.42283308624485
          }
        ]
      },
      {
        "type": "EL",
        "color": "#ffcc00",
        "points": [
          {
            "x": -106.10217955601773,
            "y": 161.77649278584792,
            "z": 460.42283308624485
          },
          {
            "x": -116.84582731613638,
            "y": -55.73664659149362,
            "z": 482.2246083065031
          }
        ]
      },
      {
        "type": "EL",
        "color": "#ffcc00",
        "points": [
          {
            "x": 229.15898193296468,
            "y": -194.78024117387838,
            "z": 398.78548619524713
          },
          {
            "x": 159.11841206475225,
            "y": -387.9755912952559,
            "z": 271.79869437188495
          }
        ]
      },
      {
        "type": "EL",
        "color": "#ffcc00",
        "points": [
          {
            "x": 159.11841206475225,
            "y": -387.9755912952559,
            "z": 271.79869437188495
          },
          {
            "x": 107.67543633058402,
            "y": -412.0601073031613,
            "z": 261.68411836712613
          }
        ]
      },
      {
        "type": "EL",
        "color": "#ffcc00",
        "points": [
          {
            "x": 107.67543633058402,
            "y": -412.0601073031613,
            "z": 261.68411836712613
          },
          {
            "x": -21.392597341320563,
            "y": -282.5709097738382,
            "z": 411.31332578878545
          }
        ]
      },
      {
        "type": "EL",
        "color": "#ffcc00",
        "points": [
          {
            "x": 475.9224331642976,
            "y": -10.304617775789964,
            "z": 151.51278389227502
          },
          {
            "x": 433.3719740869655,
            "y": -11.738820102769228,
            "z": 247.79941939375502
          }
        ]
      },
      {
        "type": "EL",
        "color": "#ffcc00",
        "points": [
          {
            "x": 433.3719740869655,
            "y": -11.738820102769228,
            "z": 247.79941939375502
          },
          {
            "x": 421.46418972379416,
            "y": 116.71508218007116,
            "z": 241.1978696144296
          }
        ]
      },
      {
        "type": "GS",
        "color": "#33cc33",
        "points": [
          {
            "x": -212.42109265801378,
            "y": 73.80377382564095,
            "z": 445.9065899162822
          },
          {
            "x": -254.82965971879827,
            "y": 389.0317425691732,
            "z": 182.8102241795043
          }
        ]
      }
    ],
    "hotspots": []
  },
  {
    "id": "scene-1771991754633-0.4680274452556511",
    "name": "6",
    "image": "scene-4.jpg",
    "paths": [
      {
        "type": "GS",
        "color": "#33cc33",
        "points": [
          {
            "x": 95.98181924313883,
            "y": -314.7427841997518,
            "z": 375.89581518548897
          },
          {
            "x": 273.3637973412482,
            "y": -313.72168706245503,
            "z": 276.89868280241643
          }
        ]
      },
      {
        "type": "GS",
        "color": "#33cc33",
        "points": [
          {
            "x": 184.91678477261013,
            "y": -322.85211351921225,
            "z": 333.556421512617
          },
          {
            "x": -256.95794103049116,
            "y": -112.88758803292392,
            "z": -413.0188107283162
          }
        ]
      },
      {
        "type": "EL",
        "color": "#ffcc00",
        "points": [
          {
            "x": 91.05520489886125,
            "y": -194.29550650008548,
            "z": -451.4813098931363
          },
          {
            "x": 312.1299316578396,
            "y": -94.58639989029024,
            "z": -378.8388535417658
          }
        ]
      },
      {
        "type": "EL",
        "color": "#ffcc00",
        "points": [
          {
            "x": 235.1405761190575,
            "y": -164.44662014073575,
            "z": -408.798099225841
          },
          {
            "x": 236.9784926744288,
            "y": -137.96867645956672,
            "z": -417.4343276152092
          }
        ]
      },
      {
        "type": "EL",
        "color": "#ffcc00",
        "points": [
          {
            "x": 317.0530799144845,
            "y": -91.6544775524287,
            "z": -375.0625443421919
          },
          {
            "x": 358.8445246440223,
            "y": -92.68586774769874,
            "z": -334.68071008661406
          }
        ]
      },
      {
        "type": "EL",
        "color": "#ffcc00",
        "points": [
          {
            "x": 360.7593541905064,
            "y": -94.66804365265703,
            "z": -332.05649058987234
          },
          {
            "x": 352.1648288339097,
            "y": 156.64339030451043,
            "z": -317.41374562404087
          }
        ]
      },
      {
        "type": "EL",
        "color": "#ffcc00",
        "points": [
          {
            "x": 349.7305182761433,
            "y": 160.70608592082675,
            "z": -318.10347305775986
          },
          {
            "x": 62.62608505918813,
            "y": 389.7865171451539,
            "z": -306.58614743088845
          }
        ]
      },
      {
        "type": "EL",
        "color": "#ffcc00",
        "points": [
          {
            "x": 459.63842420731777,
            "y": 177.45830437099423,
            "z": 82.25136474126799
          },
          {
            "x": 438.3315319766771,
            "y": 218.46997865365245,
            "z": -98.3445928646736
          }
        ]
      },
      {
        "type": "EL",
        "color": "#ffcc00",
        "points": [
          {
            "x": 438.5754746222892,
            "y": 218.40666981754188,
            "z": -97.50171034453213
          },
          {
            "x": 303.37198527416217,
            "y": 218.51982324736264,
            "z": -331.106639038875
          }
        ]
      },
      {
        "type": "EL",
        "color": "#ffcc00",
        "points": [
          {
            "x": 62.96984173109749,
            "y": 389.2454977019612,
            "z": -307.21385032462655
          },
          {
            "x": 44.4841498159493,
            "y": 444.6985025969271,
            "z": -223.89367491290514
          }
        ]
      },
      {
        "type": "EL",
        "color": "#ffcc00",
        "points": [
          {
            "x": 43.036265887852515,
            "y": 448.15525250663126,
            "z": -217.17429390490622
          },
          {
            "x": -66.42259705830011,
            "y": 470.14713307642785,
            "z": -156.48497983415683
          }
        ]
      },
      {
        "type": "EL",
        "color": "#ffcc00",
        "points": [
          {
            "x": -66.42259705830011,
            "y": 470.14713307642785,
            "z": -156.48497983415683
          },
          {
            "x": 128.80375757300808,
            "y": 454.42257111004653,
            "z": 163.4957685264727
          }
        ]
      },
      {
        "type": "EL",
        "color": "#ffcc00",
        "points": [
          {
            "x": -69.68278326609675,
            "y": 470.17729325517877,
            "z": -154.8566394300318
          },
          {
            "x": -353.50440573740605,
            "y": 348.9557869413914,
            "z": 53.30367924974579
          }
        ]
      },
      {
        "type": "EL",
        "color": "#ffcc00",
        "points": [
          {
            "x": -353.290447027613,
            "y": 349.67232439352574,
            "z": 50.10233226360534
          },
          {
            "x": -388.027299109176,
            "y": 290.8477894253495,
            "z": -120.81262207666255
          }
        ]
      },
      {
        "type": "EL",
        "color": "#ffcc00",
        "points": [
          {
            "x": -42.50016965723341,
            "y": 267.09259063199926,
            "z": 420.3099962246615
          },
          {
            "x": -350.11471597095385,
            "y": 352.02276144780507,
            "z": 56.278648651444826
          }
        ]
      },
      {
        "type": "WP",
        "color": "#0066cc",
        "points": [
          {
            "x": -266.9160395120704,
            "y": -223.85768999558476,
            "z": 357.7913228047702
          },
          {
            "x": -307.05066562884474,
            "y": 25.81455043379653,
            "z": 393.1636001775903
          }
        ]
      },
      {
        "type": "WP",
        "color": "#0066cc",
        "points": [
          {
            "x": -307.05066562884474,
            "y": 25.81455043379653,
            "z": 393.1636001775903
          },
          {
            "x": -497.9878311781348,
            "y": 31.082175095352724,
            "z": -18.86678388756077
          }
        ]
      }
    ],
    "hotspots": []
  }
]